event_id,device_id,timestamp,longitude,latitude
1,29182687948017175,2016-05-01 00:55:25,121.38,31.24
2,-6401643145415154744,2016-05-01 00:54:12,103.65,30.97
3,-4833982096941402721,2016-05-01 00:08:05,106.6,29.7
4,-6815121365017318426,2016-05-01 00:06:40,104.27,23.28
5,-5373797595892518570,2016-05-01 00:07:18,115.88,28.66
6,1476664663289716375,2016-05-01 00:27:21,0,0
7,5990807147117726237,2016-05-01 00:15:13,113.73,23
8,1782450055857303792,2016-05-01 00:15:35,113.94,34.7
9,-2073340001552902943,2016-05-01 00:15:33,0,0
10,-8195816569128397698,2016-05-01 00:41:31,119.34,26.04
11,8663743929678393765,2016-05-01 00:44:13,106.71,39.51
12,8663743929678393765,2016-05-01 00:45:30,106.71,39.51
13,8640114685470534007,2016-05-01 00:44:53,117.73,34.92
14,-5373797595892518570,2016-05-01 00:36:21,115.88,28.66
15,2504414082456157897,2016-05-01 00:40:45,120.62,31.31
16,9070651185984875886,2016-05-01 00:06:06,0,0
17,-460438353776005388,2016-05-01 00:06:33,118.44,24.71
18,2271670507584822423,2016-05-01 00:06:27,111.46,35.64
19,9161556264947841692,2016-05-01 00:17:37,0,0
20,6130108008013735751,2016-05-01 00:17:33,129.51,42.91
21,8546251726684589793,2016-05-01 00:41:54,120.66,31.31
22,-1663840927569383079,2016-05-01 00:43:15,116.45,33.93
23,1186608308763918427,2016-04-30 23:56:43,113.58,23.55
24,-6672877056143385791,2016-04-30 23:57:33,87.59,43.82
25,-4984460214693442980,2016-04-30 23:58:37,120.07,31.75
26,4830593356246717684,2016-05-01 00:45:41,121.57,38.93
27,-2668732172869127974,2016-05-01 00:46:35,132.03,47.25
28,-7745575547510100089,2016-05-01 00:27:20,117.27,34.82
29,7166563712658305181,2016-05-01 00:31:40,117.96,28.47
30,-6615032828577640034,2016-05-01 00:28:03,0,0
31,-5106447321904784333,2016-05-01 00:29:12,108.62,34.09
32,1682568851428303645,2016-05-01 00:29:35,116.42,39.9
33,-4993407482707979325,2016-05-01 00:42:07,113.39,23.12
34,-2305954534288337474,2016-05-01 00:55:41,118.33,35.05
35,-3449419341168524142,2016-05-01 00:25:41,0,0
36,-6495303330948269546,2016-05-01 00:26:58,113.8,34.02
37,-2114959700836660347,2016-05-01 00:26:58,115.18,38.18
38,-7694547856539765687,2016-04-30 23:57:25,114.43,30.51
39,-6542093539413689868,2016-05-01 00:20:11,0,0
40,-5638521260975573107,2016-05-01 00:19:59,0,0
41,-2107177132625990978,2016-05-01 00:17:17,114.7,34.52
42,-8295895346874348777,2016-05-01 00:26:34,112.24,22.89
43,-3863326918807549169,2016-05-01 00:32:34,114.05,22.64
44,-4713356591613805069,2016-05-01 00:33:14,113.37,28.25
45,-7733395605616071501,2016-05-01 00:33:53,120.21,27.31
46,182836445212489362,2016-05-01 00:16:00,114.33,22.69
47,8975547711407443166,2016-05-01 00:56:51,113.36,22.94
48,6752290732094543435,2016-05-01 00:10:46,113.93,23.11
49,7769150926490140849,2016-05-01 00:11:59,121.58,31.09
50,656236815094512043,2016-05-01 00:11:36,114.94,26.79
51,3645702257068268327,2016-05-01 00:07:36,117.11,39.04
52,-805165251400681658,2016-04-30 23:57:03,105.62,27.23
53,-4047091239451547677,2016-04-30 23:57:27,113.21,22.59
54,-7868922663453980926,2016-04-30 23:57:41,113.11,23.04
55,8884625593579215667,2016-04-30 23:58:41,104.15,35.95
56,-3414631284970241628,2016-04-30 23:55:06,114.44,36.64
57,8292388373526453818,2016-04-30 23:54:44,116.46,39.89
58,8523157510836032317,2016-05-01 00:46:47,0,0
59,3129668152512862587,2016-05-01 00:50:53,116.3,39.75
60,5861096429563062512,2016-05-01 00:50:17,113.3,23.23
61,-1593861387409811850,2016-05-01 00:00:04,110.4,25.31
62,-8595047500831259214,2016-05-01 00:00:17,0,0
63,7700200884646630906,2016-05-01 00:45:16,121.88,29.47
64,126337254880025428,2016-05-01 00:45:57,0,0
65,-3038263123962440629,2016-04-30 23:57:29,113.35,23.06
66,-1667879172906806240,2016-04-30 23:57:41,119.76,36.68
67,8177781589136232256,2016-05-01 00:44:42,114.27,22.73
68,7337025206692725039,2016-05-01 00:29:55,110.92,35.12
69,-5087502401012852204,2016-05-01 00:30:23,0,0
70,8250516622760332376,2016-05-01 00:36:37,121.68,31.12
71,3239037034052399186,2016-05-01 00:37:41,118.37,33.68
72,-5526220929433225920,2016-05-01 00:38:59,124.83,45.13
73,-7543605604869881675,2016-05-01 00:39:27,102.74,25.13
74,689254505555871536,2016-05-01 00:39:49,0,0
75,-4234008871919350855,2016-05-01 00:20:50,113.43,23.39
76,-833835207779975000,2016-05-01 00:00:07,114.3,30.52
77,4969331491823117782,2016-05-01 00:00:31,0,0
78,1346549281586719048,2016-05-01 00:00:55,0,0
79,6642030515604713671,2016-05-01 00:01:12,0,0
80,-8931400468308045059,2016-05-01 00:17:23,119.81,36.23
81,-8931400468308045059,2016-05-01 00:18:10,119.81,36.23
82,3230070203366080618,2016-05-01 00:27:30,0,0
83,-6470609369540549852,2016-05-01 00:27:57,120.35,30.29
84,7337025206692725039,2016-05-01 00:28:12,110.92,35.12
85,8045892847872528264,2016-05-01 00:01:00,1,1
86,-7195524207784364643,2016-05-01 00:00:55,114.06,22.53
87,771793048620403564,2016-05-01 00:01:19,0,0
88,2529494845458619307,2016-05-01 00:40:34,114.47,38.1
89,-1140182298279280186,2016-05-01 00:41:00,123.01,41.14
90,6313116923089231012,2016-05-01 00:37:48,0,0
91,-8640137724042537581,2016-05-01 00:52:10,120.3,36.66
92,881708862693428593,2016-05-01 00:55:31,104.06,30.82
93,4653546651966915934,2016-05-01 00:31:18,113.91,35.33
94,1186608308763918427,2016-05-01 00:32:25,0,0
95,7791587013685890183,2016-05-01 00:26:36,118.6,24.85
96,-8968369310542461421,2016-05-01 00:38:56,116.42,39.95
97,5193294561516639665,2016-05-01 00:39:28,121.36,37.58
98,-7070224105427255152,2016-05-01 00:23:30,0.54,0.59
99,-5880990703452067759,2016-05-01 00:28:46,0,0
100,163167796882803305,2016-05-01 00:01:32,117.16,31.72
101,-7701046730150413928,2016-05-01 00:02:17,0,0
102,1035323453269299092,2016-04-30 23:59:10,0,0
103,2872287058149668466,2016-05-01 00:03:50,113.86,22.58
104,-7219108051273189916,2016-05-01 00:05:50,0,0
105,683647701136933224,2016-05-01 00:07:29,0,0
106,-5105332332397066846,2016-05-01 00:07:18,108.33,22.87
107,54504617936070172,2016-05-01 00:49:56,118.16,24.53
108,-3629677530196698392,2016-05-01 00:50:40,0,0
109,8546251726684589793,2016-05-01 00:53:36,120.66,31.31
110,-5052434567559371261,2016-05-01 00:07:10,109.8,40.64
111,1539365375716843069,2016-05-01 00:19:05,0,0
112,-914044609989260377,2016-05-01 00:19:42,0,0
113,-1059933011524840053,2016-05-01 00:56:20,118.37,25
114,5317828258152702819,2016-05-01 00:03:16,0,0
115,-7295456045290839743,2016-05-01 00:03:46,120.52,31.37
116,3144767893211444691,2016-05-01 00:04:11,0,0
117,8141510389319093219,2016-05-01 00:48:41,112.03,37.85
118,-5894857811194405280,2016-05-01 00:01:41,108.18,23.21
119,-7614195212113743920,2016-05-01 00:01:37,119.92,30.24
120,6001961141627964380,2016-05-01 00:02:34,113.07,22.57
121,8542164308784903664,2016-05-01 00:03:36,115.89,28.68
122,-3438996153992694155,2016-05-01 00:11:00,0,0
123,-5515886077050167487,2016-05-01 00:11:23,116.43,40.05
124,-1926944913176429050,2016-05-01 00:12:17,0,0
125,6954457118077553859,2016-05-01 00:13:19,0,0
126,-7614195212113743920,2016-05-01 00:13:48,119.92,30.24
127,-2941431931967728894,2016-05-01 00:16:16,0,0
128,-792383793172068444,2016-05-01 00:16:52,116.97,31.05
129,6252105081475322756,2016-05-01 00:13:27,120.56,31.31
130,4496628052276217873,2016-05-01 00:24:04,0,0
131,8323549912688830096,2016-05-01 00:25:28,119.15,36.64
132,1890128691874598262,2016-05-01 00:09:32,117.08,39.99
133,1890128691874598262,2016-05-01 00:13:53,117.08,39.99
134,-8968369310542461421,2016-05-01 00:36:30,116.42,39.95
135,182836445212489362,2016-05-01 00:37:13,114.33,22.69
136,7861432602085241244,2016-05-01 00:37:59,0,0
137,656236815094512043,2016-05-01 00:35:02,114.94,26.79
138,6675752378372112895,2016-05-01 00:35:26,0,0
139,2164896744275908815,2016-05-01 00:43:13,0,0
140,-1667879172906806240,2016-05-01 00:17:31,119.76,36.68
141,-362658879945219923,2016-05-01 00:17:54,107.48,29.71
142,-7845761460731331943,2016-05-01 00:18:15,0,0
143,-1340161279060514090,2016-05-01 00:03:26,0,0
144,-8934401125724794127,2016-05-01 00:18:52,116.17,35.48
145,791222388313931456,2016-05-01 00:19:15,116.34,39.77
146,-3699915651423934014,2016-05-01 00:22:01,113.7,28.27
147,8292388373526453818,2016-05-01 00:36:35,116.46,39.89
148,-2799998081111217833,2016-05-01 00:04:13,126.58,43.87
149,-8749818205671137409,2016-05-01 00:08:01,0,0
150,-6694338074647633405,2016-05-01 00:08:30,120.39,27.5
151,5996590546381795938,2016-05-01 00:11:06,104.39,23.02
152,-6422142925983333566,2016-05-01 00:11:28,0,0
153,2504414082456157897,2016-05-01 00:10:55,120.62,31.31
154,1059108490518975017,2016-05-01 00:11:19,104.73,31.73
155,3915082290673137129,2016-05-01 00:13:55,0,0
156,-5444894622511509578,2016-05-01 00:46:27,117.36,32.95
157,-1930702761729758192,2016-05-01 00:51:27,0,0
158,2504414082456157897,2016-05-01 00:56:08,120.62,31.31
159,8955594110167688067,2016-05-01 00:05:57,118.8,32.11
160,-8153524600012616909,2016-05-01 00:07:13,0,0
161,8640114685470534007,2016-05-01 00:10:45,117.73,34.92
162,195742700046265842,2016-05-01 00:07:12,118.74,32.05
163,6511317974546914094,2016-05-01 00:07:37,0,0
164,7101968504069480030,2016-05-01 00:07:56,0,0
165,3896266365965711253,2016-05-01 00:08:30,116.27,39.92
166,-6010448691419035805,2016-05-01 00:13:19,0,0
167,1061455018550622563,2016-05-02 00:38:55,0,0
168,7163585707192280061,2016-05-02 00:40:00,114.32,30.53
169,3107259735454171724,2016-05-02 00:11:29,113.76,23.04
170,-5855006536304464624,2016-05-02 00:45:00,103.8,25.47
171,-1960430271466971022,2016-05-02 00:11:19,104.51,35.52
172,7028735429867227915,2016-05-02 00:11:48,0,0
173,-1554522487011962469,2016-05-02 00:14:25,113.62,28.15
174,5716104256488721686,2016-05-02 00:13:31,107.51,27.35
175,8173775906009056087,2016-05-02 00:13:16,106.91,28.95
176,5698535769023150770,2016-05-02 00:24:40,118.72,32.13
177,-3805359430878536193,2016-05-02 00:01:33,1,1
178,6314747000349375905,2016-05-02 00:02:25,0,0
179,-5168484868548081792,2016-05-01 23:56:51,105.44,25.1
180,-1084174363886138500,2016-05-01 23:57:19,119.73,32.03
181,-425167002000640457,2016-05-01 23:57:37,118.86,30.93
182,6563167257361207822,2016-05-01 23:58:08,0,0
183,7182346104143692228,2016-05-02 00:55:53,113.39,23.01
184,-1050088825245797397,2016-05-01 23:59:25,115.49,28.16
185,-1050088825245797397,2016-05-01 23:59:55,115.49,28.16
186,-1050088825245797397,2016-05-01 23:56:50,115.49,28.16
187,178694180701730934,2016-05-02 00:00:48,108.69,34.35
188,178694180701730934,2016-05-02 00:01:14,108.69,34.35
189,-1084174363886138500,2016-05-02 00:01:09,119.73,32.03
190,-3692728142339503261,2016-05-02 00:04:04,118.72,32.12
191,8656930911885790726,2016-05-02 00:28:28,115.26,33.05
192,1894268615071684032,2016-05-02 00:33:08,0,0
193,5921068400673390870,2016-05-02 00:34:17,118.75,32.23
194,-8924245943904643478,2016-05-02 00:29:54,115.77,33.89
195,-4038275227518385629,2016-05-02 00:01:38,110.77,32.6
196,7103702580533114794,2016-05-02 00:01:55,100.97,22.81
197,-367875038205918547,2016-05-02 00:14:29,0,0
198,6984152891252102027,2016-05-02 00:17:01,0,0
199,5339430789996670101,2016-05-02 00:15:26,120.74,31.31
200,329546693452180807,2016-05-02 00:11:48,114.22,22.68
201,8405631917277906532,2016-05-02 00:22:46,113.8,22.72
202,1676125742207316285,2016-05-02 00:17:00,0,0
203,3677275660127085714,2016-05-02 00:25:33,81.38,43.92
204,3677275660127085714,2016-05-02 00:21:57,81.38,43.92
205,-2504117768198708692,2016-05-02 00:26:37,119.96,30.54
206,329546693452180807,2016-05-02 00:32:25,114.22,22.68
207,1448771305331028211,2016-05-02 00:33:39,119.33,26.07
208,329546693452180807,2016-05-02 00:34:42,114.22,22.68
209,-6510680360023501546,2016-05-02 00:45:42,120.38,36.16
210,-3414631284970241628,2016-05-02 00:49:10,114.44,36.64
211,-6242501228649113250,2016-05-02 00:40:01,111.21,27.85
212,-5127356298948955631,2016-05-02 00:48:49,114.91,27.82
213,1394976274319147432,2016-05-02 00:47:31,121.39,31.06
214,9157556703715224966,2016-05-02 00:55:57,114.05,32.47
215,3915082290673137129,2016-05-02 00:17:50,116.39,39.91
216,3915082290673137129,2016-05-02 00:18:21,116.39,39.91
217,-6040326194669704164,2016-05-02 00:18:38,112.47,37.86
218,6875489759019721144,2016-05-02 00:41:49,0,0
219,-1899049813352463233,2016-05-02 00:42:31,0,0
220,-2975746691063869447,2016-05-02 00:39:57,116.3,39.84
221,-7442326858937982585,2016-05-02 00:40:39,120.94,31.12
222,-5337361000705278148,2016-05-02 00:41:07,103.97,30.66
223,-7205658089420706211,2016-05-02 00:12:54,114.73,28.23
224,7799899528391980510,2016-05-02 00:13:50,117.28,31.86
225,303424199584088577,2016-05-02 00:04:54,110.51,35.6
226,812258455161238355,2016-05-02 00:05:17,0,0
227,1035323453269299092,2016-05-02 00:12:27,0,0
228,-1503499447994887388,2016-05-02 00:12:39,116.11,24.26
229,-4905402058254235391,2016-05-02 00:09:27,108.93,34.11
230,7941945764660330836,2016-05-02 00:18:31,0,0
231,-2831902398235305114,2016-05-02 00:23:57,116.71,23.4
232,-1699574089887824552,2016-05-02 00:23:41,114.29,30.59
233,-4960429544660367390,2016-05-02 00:21:07,104.03,30.67
234,8238908212318403255,2016-05-02 00:27:10,112.5,37.8
235,-2564491747801275026,2016-05-02 00:46:27,120.24,35.97
236,-2171574319661056227,2016-05-02 00:47:08,115.08,35.61
237,-4819393356562423007,2016-05-02 00:08:45,118.41,31.33
238,-1558314595648377026,2016-05-02 00:09:10,104.17,30.72
239,-8202724116554363638,2016-05-02 00:37:57,113.84,35.3
240,7901567308091955384,2016-05-02 00:38:45,120.29,30.34
241,-6054073544260227075,2016-05-01 23:55:40,0,0
242,811425795809782968,2016-05-02 00:02:49,0,0
243,-6604602592506186509,2016-05-02 00:01:13,0,0
244,-6569965154288568578,2016-05-02 00:20:10,0,0
245,3933826638587632239,2016-05-02 00:24:19,121.43,31.09
246,-6617414447109943629,2016-05-02 00:25:18,0,0
247,6491359293998165530,2016-05-02 00:50:41,0,0
248,8663743929678393765,2016-05-02 00:51:54,106.79,39.68
249,-1864968793374211495,2016-05-02 00:17:27,118.66,33.5
250,7995682190419358979,2016-05-02 00:18:03,104,30
251,2779016006440101991,2016-05-02 00:14:51,121.43,28.48
252,-3648691542726358803,2016-05-02 00:19:50,120.47,33.2
253,-6476486144331420361,2016-05-02 00:19:55,0,0
254,-3648691542726358803,2016-05-02 00:20:03,120.47,33.2
255,88896672992192798,2016-05-02 00:32:34,118.82,32.08
256,931497623158921771,2016-05-02 00:33:54,110.92,34.61
257,3384688908380351106,2016-05-02 00:39:46,114.14,30.62
258,-1036209345874838454,2016-05-02 00:38:47,118.72,32.14
259,-5039969084661426723,2016-05-02 00:20:41,0,0
260,-6875585507485886098,2016-05-02 00:00:28,121.46,31.23
261,-6875585507485886098,2016-05-01 23:58:48,121.46,31.23
262,8156187339546970941,2016-05-01 23:56:53,104.52,32.39
263,5924174755240072459,2016-05-01 23:57:56,119.37,26.09
264,863186825935812681,2016-05-02 00:00:09,0,0
265,6414491211991853316,2016-05-02 00:00:33,0,0
266,2152993457127041882,2016-05-01 23:55:59,112.61,26.9
267,-540200947281428061,2016-05-02 00:06:11,116.36,39.84
268,-558098630880477201,2016-05-02 00:06:39,0,0
269,8173775906009056087,2016-05-02 00:06:59,106.91,28.95
270,-4734045176898782786,2016-05-02 00:07:14,105.12,29.32
271,8173775906009056087,2016-05-02 00:07:29,106.91,28.95
272,-2793289487318306111,2016-05-02 00:27:22,121.46,30.93
273,3915082290673137129,2016-05-02 00:28:00,116.39,39.91
274,3915082290673137129,2016-05-02 00:35:57,116.39,39.91
275,3915082290673137129,2016-05-02 00:37:08,121.24,28.74
276,3915082290673137129,2016-05-02 00:37:31,116.39,39.91
277,-6199830376479715409,2016-05-02 00:29:57,114.47,23.11
278,9053460809647326248,2016-05-02 00:34:13,0,0
279,8705569457148668099,2016-05-02 00:35:15,119.2,34.64
280,-6216864668208339353,2016-05-02 00:00:02,112.71,34.64
281,-4101513668605690819,2016-05-02 00:00:26,113.32,23.19
282,-4101513668605690819,2016-05-02 00:01:32,113.32,23.19
283,-822901950224816621,2016-05-02 00:09:27,0,0
284,-240092430394916872,2016-05-02 00:10:03,0,0
285,-4185102114026967692,2016-05-02 00:10:38,0,0
286,-6762548757670564519,2016-05-02 00:27:17,0,0
287,8405631917277906532,2016-05-02 00:45:27,113.8,22.72
288,-5728882630226274290,2016-05-02 00:34:37,124.16,42.54
289,-3775758989316758693,2016-05-02 00:39:36,0,0
290,9157556703715224966,2016-05-02 00:36:16,114.05,32.47
291,3929259450001563794,2016-05-02 00:35:47,0,0
292,1639621600472221173,2016-05-02 00:34:42,0,0
293,8263571774675477463,2016-05-02 00:44:46,103.62,31
294,4278305343584179554,2016-05-02 00:10:56,126.79,42.38
295,-4849434960114682357,2016-05-02 00:11:10,0,0
296,-6470609369540549852,2016-05-02 00:12:21,120.35,30.29
297,1068192752173500180,2016-05-02 00:13:04,120.35,36.3
298,-6875585507485886098,2016-05-01 23:57:24,121.46,31.23
299,4867329498061646653,2016-05-02 00:00:03,114.17,22.85
300,8483619462372279996,2016-05-02 00:04:16,113.8,34.77
301,6543612401310740661,2016-05-02 00:36:52,107.59,37.61
302,-5235872135901851022,2016-05-02 00:37:31,0,0
303,1522573667677189193,2016-05-02 00:48:11,120.98,32.04
304,1292589956855988709,2016-05-02 00:49:02,0,0
305,5628857523228762194,2016-05-02 00:05:05,117.18,36.23
306,5628857523228762194,2016-05-02 00:05:35,117.18,36.23
307,-61191354320788782,2016-05-02 00:02:58,0,0
308,-6105945866007376919,2016-05-02 00:07:15,120.01,30.21
309,-6242501228649113250,2016-05-01 23:59:40,111.21,27.85
310,3705909327482349990,2016-05-02 00:09:24,0,0
311,-7854746361600386220,2016-05-02 00:46:45,118.72,32.05
312,3330117349082195500,2016-05-02 00:47:09,1,1
313,9104840865977624406,2016-05-02 00:49:07,115.96,28.67
314,9104840865977624406,2016-05-02 00:45:44,115.96,28.67
315,4128277001101544690,2016-05-01 23:57:02,103.68,30.62
316,-2341102826968168963,2016-05-01 23:58:00,112.34,34.67
317,4841358946113377009,2016-05-02 00:20:50,117.35,31.88
318,-801236909575624783,2016-05-02 00:19:36,0,0
319,-3805359430878536193,2016-05-01 23:58:38,1,1
320,1158846566252680642,2016-05-01 23:59:17,113.85,36.24
321,9191288030705147728,2016-05-02 00:06:13,0,0
322,-4904062990371774062,2016-05-03 00:21:59,114.36,27.79
323,5258694248782198953,2016-05-03 00:29:57,114.32,22.69
324,347753157502768291,2016-05-03 00:41:52,0,0
325,3471789205098741472,2016-05-03 00:41:25,1,1
326,-2078081847518029847,2016-05-03 00:42:21,113.6,23.03
327,4069764298338766311,2016-05-03 00:26:24,118.63,35.79
328,-3188518073791728146,2016-05-03 00:35:44,126.69,45.73
329,-3188518073791728146,2016-05-03 00:36:15,126.69,45.73
330,4750132012387009301,2016-05-03 00:19:42,0,0
331,-719580776430633508,2016-05-03 00:11:25,0,0
332,-7620935062893713987,2016-05-03 00:23:36,111.91,37.08
333,1513402990297914172,2016-05-03 00:14:20,115.94,28.6
334,1805595054953645708,2016-05-03 00:26:49,120.28,30.31
335,-5127356298948955631,2016-05-03 00:12:52,114.91,27.82
336,1543312642405419498,2016-05-03 00:16:49,0,0
337,4824807694869766674,2016-05-03 00:39:07,0,0
338,-4405852009359602586,2016-05-03 00:40:05,109.22,34.37
339,-4273921571602755609,2016-05-03 00:40:43,0,0
340,2153510796517659973,2016-05-03 00:15:18,111.57,36.08
341,-4474299055177403292,2016-05-03 00:29:26,114.39,30.51
342,-4474299055177403292,2016-05-03 00:30:10,114.39,30.51
343,-4201739529186450645,2016-05-03 00:32:43,116.37,39.97
344,-9142943697566922084,2016-05-03 00:31:07,118.49,31.56
345,-2946010489033285256,2016-05-03 00:14:22,117.27,39.13
346,-7119352902190360994,2016-05-03 00:14:58,118.89,28.94
347,9188531016640524616,2016-05-03 00:10:22,0,0
348,-390983090106127426,2016-05-03 00:20:00,106.83,39.67
349,2682502338029974561,2016-05-03 00:04:28,0,0
350,965888420476741976,2016-05-03 00:12:38,0,0
351,-7979201298395344671,2016-05-03 00:17:23,120.38,32.62
352,7190861411587394337,2016-05-03 00:36:17,118.86,28.95
353,-1866872231234554212,2016-05-03 00:48:01,0,0
354,-2550671354339445214,2016-05-03 00:30:57,1,1
355,-3953475011316043899,2016-05-03 00:31:42,121.38,31.15
356,5439313746742085671,2016-05-03 00:20:56,113.27,23.24
357,-3768251199300267678,2016-05-03 00:51:22,0,0
358,-4711899428622947038,2016-05-03 00:15:42,113.66,22.83
359,-4711899428622947038,2016-05-03 00:17:38,113.66,22.83
360,2902425947728297065,2016-05-03 00:42:04,114.11,22.93
361,6912999990098591845,2016-05-03 00:35:18,120.96,31.36
362,-4229815843211107303,2016-05-03 00:09:25,106.7,26.59
363,-5698318808329393898,2016-05-03 00:05:21,0,0
364,-4303589873973511337,2016-05-03 00:23:38,113.22,23.13
365,-4960939156239730265,2016-05-03 00:54:20,0,0
366,-430037567981444945,2016-05-03 00:14:42,0,0
367,8523256667599969540,2016-05-03 00:07:45,119.31,26
368,7201631899279333659,2016-05-03 00:32:53,114.21,30.6
369,7201631899279333659,2016-05-03 00:33:23,114.21,30.6
370,7180704268982110010,2016-05-02 23:59:59,0,0
371,-5380817412170699617,2016-05-03 00:04:52,118.85,32.12
372,9184963992247652631,2016-05-03 00:07:47,120.2,30.07
373,7913455270882221454,2016-05-03 00:16:42,102.67,25.07
374,-1896432700543181307,2016-05-03 00:30:59,121.49,31.26
375,-5062209597631822632,2016-05-03 00:33:43,0,0
376,7871476891487676815,2016-05-03 00:28:03,114.8,30.84
377,-9058769793619140658,2016-05-03 00:47:58,126.51,48.25
378,2036527423409767157,2016-05-03 00:49:34,120.42,36.24
379,-8327252506560257134,2016-05-03 00:35:42,0,0
380,3298173831582743933,2016-05-03 00:24:24,0,0
381,-1153910750523975031,2016-05-03 00:10:40,108.92,34.17
382,1240253599838799740,2016-05-03 00:21:20,118.32,30.92
383,-3139213190647208346,2016-05-03 00:21:51,114.48,38.06
384,-3139213190647208346,2016-05-03 00:24:46,114.48,38.06
385,-2813797959506788941,2016-05-03 00:16:54,0,0
386,-3491449487057579071,2016-05-03 00:27:05,113.92,22.65
387,-1602335761648247882,2016-05-03 00:27:37,113.27,23.11
388,5083019926611946481,2016-05-03 00:28:01,0,0
389,-9113136580115572088,2016-05-03 00:32:43,0,0
390,-3762561587120285467,2016-05-03 00:24:32,121.54,31.29
391,-6935842738900417041,2016-05-03 00:35:45,113.58,28.71
392,2310111814347676320,2016-05-03 00:37:02,113.57,24.8
393,7415199158072990679,2016-05-03 00:41:41,113.92,22.55
394,7077117009168720781,2016-05-03 00:24:13,113.78,23.05
395,-3045139278169088099,2016-05-03 00:21:15,103.95,29.21
396,-7452025512710474321,2016-05-03 00:31:06,121.27,31.16
397,-5867720344241574448,2016-05-03 00:34:35,104.17,30.83
398,-3680792582266044240,2016-05-03 00:39:59,119.47,32.21
399,-124104017643390011,2016-05-03 00:33:30,1,1
400,-2454429969454930980,2016-05-03 00:00:54,118.84,37.41
401,-4658758848714229540,2016-05-03 00:02:46,0,0
402,707891299937546285,2016-05-02 23:52:21,129.49,42.91
403,-3339999053314712978,2016-05-03 00:02:31,112.46,23.05
404,-7576599921872828086,2016-05-03 00:06:13,114.2,30.55
405,7692802054365178040,2016-05-02 23:57:40,1,1
406,-368723351516596313,2016-05-03 00:08:39,0,0
407,2164896744275908815,2016-05-03 00:01:29,0,0
408,176364454226994885,2016-05-03 00:01:49,0,0
409,-7086448875815965958,2016-05-03 00:36:07,113.9,22.71
410,8614548572474042368,2016-05-03 00:38:08,0,0
411,5776071682117620457,2016-05-03 00:38:55,111.15,37.52
412,2153510796517659973,2016-05-03 00:05:02,111.57,36.08
413,-649267418776633948,2016-05-03 00:00:53,113.32,23.18
414,-7548291590301750136,2016-05-03 00:05:31,116.79,33.98
415,-4718495444194924261,2016-05-03 00:05:35,0,0
416,-7694262199913413838,2016-05-03 00:56:47,104.7,31.54
417,6274679576648943412,2016-05-03 00:31:33,108.76,23.22
418,849694148600101398,2016-05-03 00:28:43,113.31,22.98
419,-9003024964574030998,2016-05-03 00:28:56,108.08,24.7
420,-6889225330998580304,2016-05-03 00:48:01,1,1
421,-4161937508714078839,2016-05-03 00:03:21,0,0
422,-4637511899218576711,2016-05-03 00:03:56,0,0
423,7294851609945310552,2016-05-03 00:04:41,119.79,25.51
424,-3784121437863313536,2016-05-03 00:10:22,121.4,31.33
425,-8193912280054153771,2016-05-03 00:10:54,0,0
426,7380196603165104554,2016-05-03 00:39:26,118.98,24.99
427,-7195524207784364643,2016-05-03 00:36:59,114.24,22.66
428,7380196603165104554,2016-05-03 00:29:42,118.98,24.99
429,2107916037239854989,2016-05-03 00:43:19,118.56,24.84
430,-5098798994677667749,2016-05-03 00:54:05,0.69,1
431,8864190395087535026,2016-05-03 00:45:45,122.76,40.85
432,-5350685769476842673,2016-05-03 00:48:40,120.4,36.08
433,8141510389319093219,2016-05-02 23:57:41,112.03,37.85
434,7057564812632206079,2016-05-03 00:40:52,0,0
435,6116374378635305036,2016-05-03 00:30:34,0,0
436,5517233598675421929,2016-05-03 00:43:16,0,0
437,775111129433798436,2016-05-04 00:39:51,117.29,39.05
438,6981492487242869919,2016-05-04 00:41:05,0,0
439,-3805359430878536193,2016-05-04 00:15:11,1,1
440,8804133504099896949,2016-05-04 00:19:56,113.95,22.56
441,1058759295445290414,2016-05-04 00:24:50,113.29,22.99
442,2731182182628794014,2016-05-04 00:28:53,116.35,39.78
443,1186608308763918427,2016-05-04 00:40:39,125.33,43.92
444,2399106589987177423,2016-05-04 00:42:16,113.44,22.2
445,-7158212860289106842,2016-05-04 00:57:10,121.07,28.29
446,-6105966583993926107,2016-05-04 00:07:51,111.67,36.38
447,-5059014127623889139,2016-05-04 00:10:49,0,0
448,-7468770522154036561,2016-05-04 00:08:54,108.31,22.84
449,4461584839553337287,2016-05-03 23:57:51,0,0
450,4521087172040088969,2016-05-04 00:00:13,112.96,22.99
451,8732639594666267677,2016-05-04 00:00:42,0,0
452,-4447768106423186573,2016-05-04 00:05:10,0,0
453,9128212907576709802,2016-05-04 00:04:57,114.1,32.1
454,7921513786039275154,2016-05-04 00:06:16,114.69,38.02
455,-5925185855901107267,2016-05-04 00:06:26,0,0
456,-7649248425941400892,2016-05-04 00:06:15,113.39,23.06
457,5176176272850190180,2016-05-04 00:35:49,116.67,34.88
458,5491334538068850591,2016-05-04 00:29:54,114.55,38.16
459,6446632248146767040,2016-05-04 00:34:44,106.2,29.27
460,7688566296925065716,2016-05-04 00:35:11,106.57,29.49
461,2109496975315011939,2016-05-04 00:32:06,0,0
462,3712536642643310316,2016-05-04 00:12:09,0,0
463,7874748103544022938,2016-05-04 00:23:21,0,0
464,-2449726623404699714,2016-05-04 00:15:02,113.26,22.66
465,-2449726623404699714,2016-05-04 00:11:51,113.26,22.66
466,-2050072872616234361,2016-05-04 00:12:23,118.34,35.11
467,6274115063946558675,2016-05-04 00:47:07,110.34,20.06
468,-7181951946686008160,2016-05-04 00:14:57,121.51,31.16
469,-4588292775798737152,2016-05-04 00:15:49,113.24,23.21
470,-5936038713680683117,2016-05-04 00:16:59,120.46,33.21
471,-8340098378141155823,2016-05-04 00:45:36,111.92,34.74
472,3366842472104992417,2016-05-04 00:31:05,0,0
473,5168576365693927250,2016-05-04 00:53:55,0,0
474,3056887658065423272,2016-05-04 00:50:51,106.62,23.9
475,-5564497951509560872,2016-05-04 00:55:33,112.83,35.5
476,7003160972974942356,2016-05-04 00:22:14,0,0
477,-2868898230871436095,2016-05-04 00:21:31,0,0
478,2771516290634663640,2016-05-04 00:21:53,116.43,39.97
479,746518081142147206,2016-05-04 00:23:12,0,0
480,1269053058253588538,2016-05-03 23:57:14,0,0
481,5800572039494813526,2016-05-04 00:01:21,121.57,31.26
482,-3220515152160927393,2016-05-04 00:01:58,110.63,22.07
483,5806899496539264495,2016-05-04 00:02:31,0,0
484,-5159945578534294341,2016-05-04 00:06:51,122.96,41.11
485,7939964667793308252,2016-05-03 23:56:52,112.59,35.08
486,-2682004830508966851,2016-05-03 23:59:05,123.93,41.87
487,7813332581964668360,2016-05-04 00:57:16,120.17,33.37
488,-6243392779260071023,2016-05-04 00:07:35,116.46,40.01
489,7291601419684827590,2016-05-04 00:07:37,114.26,30.57
490,2324672648032098977,2016-05-04 00:08:33,117.27,31.84
491,2536817034080385103,2016-05-04 00:11:48,0,0
492,2973347786994914304,2016-05-04 00:12:23,1,1
493,-1622561733905307490,2016-05-04 00:12:59,0,0
494,-17299534936664237,2016-05-04 00:13:41,0,0
495,1448798737437496116,2016-05-04 00:16:22,118.72,35.69
496,-1145489861592235162,2016-05-04 00:16:34,108.41,34.23
497,4188737234359273143,2016-05-04 00:00:47,119.97,36.33
498,8709039226990205618,2016-05-04 00:02:14,120.29,31.55
499,-4543117867537584700,2016-05-04 00:01:54,0,0
500,6584882066161028231,2016-05-04 00:04:39,113.67,34.79
501,-5017091090947858272,2016-05-04 00:03:26,113.86,34.75
502,-5473765859957687002,2016-05-04 00:04:15,0,0
503,7411105648012368481,2016-05-04 00:04:08,112.14,32.02
504,-7170124922739926768,2016-05-04 00:05:54,0,0
505,7411105648012368481,2016-05-04 00:45:06,112.14,32.02
506,4360724484956261264,2016-05-04 00:49:15,81.3,6.29
507,-280792878984386324,2016-05-04 00:45:54,0,0
508,2685565680877493039,2016-05-04 00:47:32,106.47,29.54
509,7411105648012368481,2016-05-04 00:51:33,112.14,32.02
510,492753211376124593,2016-05-04 00:51:51,0,0
511,2771516290634663640,2016-05-04 00:27:38,116.44,39.96
512,6790429448650349129,2016-05-04 00:33:56,116.66,40.35
513,-6339020633589616078,2016-05-04 00:39:17,108.95,34.36
514,1687392550195182085,2016-05-03 23:59:45,115.79,28.19
515,8169269573256157090,2016-05-03 23:59:44,100.08,23.88
516,5190556778193275366,2016-05-04 00:08:19,0,0
517,-8577253357321175107,2016-05-04 00:09:07,0,0
518,635053868561314388,2016-05-04 00:01:14,116.68,39.51
519,-2244055843713919283,2016-05-04 00:01:43,0,0
520,2236109691143232924,2016-05-04 00:02:31,119.55,29.08
521,3683832473726156073,2016-05-04 00:02:38,0,0
522,-5975696744602755578,2016-05-04 00:55:24,0,0
523,1448798737437496116,2016-05-04 00:54:12,118.72,35.69
524,578997461158608782,2016-05-04 00:54:27,118.75,31.99
525,-2653139701608517660,2016-05-04 00:18:55,113.5,23.08
526,6093002121756678917,2016-05-04 00:14:16,108.27,22.8
527,-1168532065303398550,2016-05-04 00:19:15,110.29,25.24
528,-5061444900813064868,2016-05-04 00:19:44,112.86,27.89
529,2947055144091689955,2016-05-04 00:35:06,1,1
530,-3376966615017152613,2016-05-04 00:35:57,113.67,34.83
531,1010841597149564130,2016-05-04 00:09:57,108.96,34.27
532,4959847116876189303,2016-05-04 00:00:23,0,0
533,-6067114291817918998,2016-05-04 00:02:06,108.23,22.79
534,-2549038872164501503,2016-05-04 00:02:08,103.77,29.6
535,-6067114291817918998,2016-05-04 00:02:48,108.23,22.79
536,-6067114291817918998,2016-05-04 00:03:18,108.23,22.79
537,-792383793172068444,2016-05-04 00:31:25,116.97,31.05
538,-5992692600714225649,2016-05-04 00:31:19,1,1
539,-792383793172068444,2016-05-04 00:32:28,116.97,31.05
540,-8360258141813138270,2016-05-04 00:33:32,116.36,23.55
541,812352014294252782,2016-05-04 00:25:29,118.81,31.88
542,-892161709088878677,2016-05-04 00:20:25,115.46,38.88
543,1522573667677189193,2016-05-04 00:21:17,120.98,32.04
544,-4439293958756871130,2016-05-04 00:28:56,120.89,32.01
545,4347254798557653518,2016-05-04 00:20:17,0,0
546,-2679114003946342706,2016-05-04 00:11:57,117.32,36.67
547,-5518481793285541229,2016-05-04 00:12:32,0,0
548,8339429008953975436,2016-05-04 00:55:48,118.1,39.61
549,2236270255494208040,2016-05-04 00:30:27,114.43,38.02
550,-6515269256063189537,2016-05-04 00:31:10,0,0
551,2236270255494208040,2016-05-04 00:32:00,114.43,38.02
552,6032968269949407075,2016-05-04 00:01:15,116.67,23.56
553,6721639827938905415,2016-05-04 00:03:04,118.21,33.49
554,-8248007490134068868,2016-05-04 00:02:59,0,0
555,1440081414037054044,2016-05-04 00:02:40,113.14,23.2
556,-7328709357224664821,2016-05-04 00:17:15,104.13,30.69
557,-4095486523276645423,2016-05-04 00:18:03,0,0
558,-7007340376081800562,2016-05-04 00:20:23,1,1
559,4420660700111343452,2016-05-04 00:52:18,103.7,27.31
560,6849507812149064445,2016-05-04 00:52:51,106.3,31.27
561,-1034442578068177113,2016-05-04 00:54:22,120.31,30.23
562,-6216864668208339353,2016-05-03 23:59:18,112.71,34.64
563,1035930212814718145,2016-05-04 00:00:10,0,0
564,-1773995327397022629,2016-05-04 00:47:23,0,0
565,6098395104206758562,2016-05-04 00:29:19,113.26,23.13
566,-4290248902642092630,2016-05-04 00:30:37,120.33,27.47
567,7528832532846620299,2016-05-04 00:13:11,0,0
568,-5028958045126309142,2016-05-05 00:49:13,0,0
569,-7436289942198085775,2016-05-05 00:49:58,118.6,24.85
570,-3486851934360627466,2016-05-05 00:55:06,104,30
571,5871294352051724380,2016-05-05 00:57:01,114.42,23.12
572,7865844755572517576,2016-05-05 00:56:45,116.36,40
573,-7436289942198085775,2016-05-05 00:40:04,118.6,24.85
574,7203207011993496477,2016-05-05 00:34:09,1,1
575,7775068078323787891,2016-05-05 00:35:18,116.33,39.99
576,852727334911219592,2016-05-05 00:32:57,106.42,29.82
577,4283638616733412874,2016-05-05 00:33:48,112.26,35.54
578,9092517976165585889,2016-05-05 00:25:36,104.13,30.61
579,8158111403422961230,2016-05-05 00:22:22,116.11,40.24
580,2403057235394563191,2016-05-05 00:24:58,0,0
581,-1665747316320762870,2016-05-05 00:51:23,117.07,36.67
582,6658623800651213319,2016-05-05 00:40:29,0,0
583,3114242858966936759,2016-05-05 00:44:23,117.16,35.09
584,-7995042655159756593,2016-05-05 00:21:36,114.71,22.99
585,-8246059292821443986,2016-05-05 00:20:04,114.17,22.83
586,-3989361881501469025,2016-05-05 00:20:33,0,0
587,3906790300662712979,2016-05-05 00:34:43,122.89,47.51
588,-7615004910868617839,2016-05-05 00:03:03,0,0
589,-519558766772646455,2016-05-05 00:04:15,0,0
590,4056347577675077804,2016-05-05 00:53:54,113.8,35.46
591,-1729295189954376724,2016-05-05 00:54:43,120.12,30.27
592,1946302634062517988,2016-05-05 00:55:23,0,0
593,375525212990113463,2016-05-05 00:09:20,0,0
594,1198889734081283426,2016-05-05 00:06:02,113.73,23.01
595,1198889734081283426,2016-05-05 00:14:21,113.73,23.01
596,5924174755240072459,2016-05-05 00:10:27,119.37,26.09
597,-7638437755025775585,2016-05-05 00:13:54,0,0
598,666899869883871830,2016-05-05 00:19:54,113.18,27.8
599,-4968755979799158817,2016-05-05 00:20:24,1,1
600,2878906854748335919,2016-05-05 00:08:30,0,0
601,4043769937056101596,2016-05-05 00:08:57,118.01,39.79
602,4424928764046125276,2016-05-05 00:05:44,114.07,22.63
603,3190325046292325157,2016-05-05 00:26:47,114.33,22.66
604,-8017843842221687516,2016-05-05 00:26:55,125.17,43.99
605,-1180333924195867415,2016-05-05 00:28:35,117.98,24.6
606,3129954671915011426,2016-05-05 00:08:43,102.26,27.9
607,3516086611060899152,2016-05-05 00:09:25,114.13,22.72
608,1782294450606949677,2016-05-05 00:10:30,0,0
609,-3762561587120285467,2016-05-05 00:14:47,121.54,31.29
610,-3762561587120285467,2016-05-05 00:22:51,121.54,31.29
611,-3762561587120285467,2016-05-05 00:23:50,121.54,31.29
612,8663743929678393765,2016-05-05 00:06:24,108.74,39.83
613,-5935411131112829781,2016-05-05 00:54:44,112.86,27.24
614,-3142522852780558004,2016-05-05 00:54:52,113.58,37.33
615,7782943363889386599,2016-05-05 00:55:29,120.21,33.4
616,-2025394353286984733,2016-05-05 00:05:26,110.46,19.26
617,-7746498892660514799,2016-05-05 00:16:33,0,0
618,666899869883871830,2016-05-05 00:16:58,113.18,27.8
619,-9199963937999577591,2016-05-05 00:40:41,0,0
620,1186608308763918427,2016-05-05 00:41:33,114.77,25.68
621,217391878093527357,2016-05-04 23:57:54,0,0
622,-414517303919490495,2016-05-04 23:58:18,0,0
623,-4280898478085704307,2016-05-04 23:59:04,106.72,26.58
624,-1395010303246301847,2016-05-05 00:51:56,116.68,23.36
625,-833835207779975000,2016-05-05 00:05:23,114.3,30.52
626,-4954386713806615254,2016-05-05 00:01:40,117.03,25.09
627,394352668252551259,2016-05-05 00:06:43,121.52,31.19
628,589483191079996212,2016-05-05 00:03:00,114.02,22.66
629,7203207011993496477,2016-05-05 00:40:23,1,1
630,2876903652429677499,2016-05-05 00:41:25,0,0
631,1183388836601832766,2016-05-05 00:38:17,104.03,30.64
632,-7295456045290839743,2016-05-05 00:58:11,120.51,31.37
633,5621674882190712367,2016-05-05 00:29:16,108.63,40.73
634,5621674882190712367,2016-05-05 00:29:15,108.63,40.73
635,-6482351373673174962,2016-05-05 00:38:44,113.29,33.72
636,-6698612381724883457,2016-05-05 00:40:01,113.35,22.52
637,-8323972581689757432,2016-05-05 00:24:35,120.17,30.25
638,3010974422078283719,2016-05-04 23:59:02,113.27,35.18
639,-6791451991147655459,2016-05-04 23:59:31,108.81,23.22
640,-8193164985230067544,2016-05-04 23:59:59,0,0
641,-7630502601240252262,2016-05-05 00:00:34,120.2,30.21
642,3010974422078283719,2016-05-05 00:01:00,113.27,35.18
643,3516086611060899152,2016-05-05 00:01:28,114.13,22.72
644,1761907854023642752,2016-05-05 00:01:43,0,0
645,1684441482272405611,2016-05-04 23:58:29,0,0
646,-8508358830260983149,2016-05-05 00:03:17,112.92,27.84
647,-78051140437086723,2016-05-05 00:07:00,0,0
648,3129954671915011426,2016-05-05 00:07:28,102.26,27.9
649,7674178869994435830,2016-05-05 00:04:09,0,0
650,-9038105588603649844,2016-05-05 00:36:14,113.23,23.14
651,-7614195212113743920,2016-05-05 00:08:43,119.92,30.24
652,-7614195212113743920,2016-05-05 00:13:14,119.92,30.24
653,3167532649350238825,2016-05-05 00:09:43,0,0
654,-845139532698223858,2016-05-05 00:49:37,116.31,39.93
655,-1803535012821465150,2016-05-05 00:07:46,114.2,22.65
656,9184963992247652631,2016-05-05 00:08:23,120.2,30.07
657,-8926211772892695918,2016-05-05 00:21:54,114.01,22.91
658,1908345067134378897,2016-05-05 00:22:29,0,0
659,5302153745489004242,2016-05-05 00:00:28,0,0
660,-3189209564521242006,2016-05-05 00:01:19,0,0
661,4653546651966915934,2016-05-05 00:00:51,113.91,35.33
662,-2080324261315610743,2016-05-05 00:01:13,0,0
663,1186608308763918427,2016-05-05 00:01:33,114.77,25.68
664,3488798937589918696,2016-05-05 00:20:47,0,0
665,-6984491404817354437,2016-05-05 00:22:07,0,0
666,-240092430394916872,2016-05-05 00:27:19,0,0
667,-3735398347729432574,2016-05-05 00:23:56,0,0
668,-2437054585100636690,2016-05-05 00:25:17,118.19,28.45
669,-2437054585100636690,2016-05-05 00:29:29,118.19,28.45
670,931497623158921771,2016-05-05 00:29:35,110.92,34.61
671,-1303838990699151971,2016-05-05 00:40:59,120.36,36.26
672,637726122459520138,2016-05-05 00:41:45,114.42,30.39
673,1553983497578893833,2016-05-05 00:03:40,119.01,33.01
674,666899869883871830,2016-05-05 00:03:51,113.18,27.8
675,-8017843842221687516,2016-05-05 00:28:47,125.17,43.99
676,1526453101276362580,2016-05-05 00:29:10,104.03,30.64
677,7782943363889386599,2016-05-05 00:30:30,120.21,33.4
678,-2928823858640133752,2016-05-04 23:59:30,0,0
679,-8114645120388883003,2016-05-05 00:27:24,0,0
680,-1210197042572695532,2016-05-05 00:32:20,113.68,34.59
681,3964358227080490162,2016-05-05 00:35:42,114.05,22.61
682,-8460287811578709841,2016-05-04 23:58:20,105.2,30.68
683,-1408209663652293196,2016-05-04 23:58:02,103.8,31.16
684,-9013296464481884995,2016-05-04 23:58:33,0,0
685,-5163403808035005756,2016-05-05 00:38:57,114.11,22.6
686,-6563927821739874072,2016-05-05 00:39:05,115.59,37.54
687,-1408209663652293196,2016-05-05 00:16:29,103.8,31.16
688,3226456573900538719,2016-05-05 00:17:12,0,0
689,-4453563395226165205,2016-05-05 00:13:11,115.98,36.47
690,-6926874748273274057,2016-05-05 00:18:42,0,0
691,-390204586297217027,2016-05-05 00:25:16,109.6,24.4
692,-9210896665715593536,2016-05-05 00:25:25,0,0
693,-7105988917740046513,2016-05-05 00:27:16,0,0
694,-7239888079442181545,2016-05-05 00:13:07,116.1,39.93
695,-5948036752238710750,2016-05-05 00:13:23,123.4,41.8
696,4843556583141155949,2016-05-05 00:06:46,0,0
697,4424928764046125276,2016-05-05 00:07:10,114.07,22.63
698,4043769937056101596,2016-05-05 00:07:37,118.01,39.79
699,-3685904520530580568,2016-05-05 00:08:06,119.34,26.08
700,-2845246420721701683,2016-05-05 00:02:24,0,0
701,-8055909210595694836,2016-05-05 00:03:01,116.42,39.92
702,-6105945866007376919,2016-05-05 00:03:40,120.01,30.21
703,-2876670182687327494,2016-05-05 00:04:10,96.17,16.82
704,-3944041001495863450,2016-05-05 00:08:29,0,0
705,-4675255191330300693,2016-05-05 00:04:56,0,0
706,7809679109579634871,2016-05-05 00:05:40,0,0
707,5333403513971904428,2016-05-05 00:06:16,120.77,41.13
708,-3944041001495863450,2016-05-05 00:06:43,0,0
709,-17299534936664237,2016-05-05 00:07:18,0,0
710,7052494167889525114,2016-05-05 00:50:59,104,30
711,5333403513971904428,2016-05-05 00:52:01,120.77,41.13
712,-6424052289532294202,2016-05-05 00:55:36,0,0
713,1099527544568654486,2016-05-05 00:56:37,118.63,32.08
714,7102818890309647918,2016-05-05 00:14:12,120.14,33.37
715,7008059553333526159,2016-05-05 00:15:19,0,0
716,-7121288393102770729,2016-05-05 00:15:15,0,0
717,-9078005736539812378,2016-05-05 00:17:48,0,0
718,8863501449417490902,2016-05-05 00:18:23,0,0
719,-7148525082644908918,2016-05-05 00:19:04,0,0
720,-6337414863554381032,2016-05-05 00:00:43,118.11,39.57
721,-6835073446678191647,2016-05-05 00:01:15,122.98,41.11
722,-1386805698010725279,2016-05-05 00:03:33,104.23,31.34
723,-5600411672557712002,2016-05-05 00:12:20,97.05,40.28
724,5517233598675421929,2016-05-05 00:13:09,0,0
725,-2467859834948242713,2016-05-05 00:13:46,0,0
726,-3466700405566229536,2016-05-05 00:16:51,113.12,36.17
727,-5673105500207210053,2016-05-05 00:17:37,114.67,25.73
728,4539498704288874925,2016-05-05 00:40:23,110.39,24.5
729,7995932390106085411,2016-05-05 00:42:13,109.24,24.66
730,5200698137007492674,2016-05-05 00:42:40,120.91,36.66
731,6707358705097121204,2016-05-05 00:45:51,119.28,26.09
732,8769781260256989340,2016-05-05 00:11:11,113.31,23.13
733,1361157773765159340,2016-05-05 00:51:33,104,30
734,8997408841908618915,2016-05-05 00:53:01,114.71,22.79
735,7177637408849894690,2016-05-05 00:48:10,0,0
736,5854440389230560287,2016-05-05 00:46:37,112.55,37.87
737,4722561604527142608,2016-05-05 00:52:40,118.81,32.04
738,2360178808011239821,2016-05-05 00:52:24,113.33,23.18
739,-6749974876730351262,2016-05-05 00:52:51,120.35,36.09
740,666899869883871830,2016-05-05 00:53:16,113.18,27.8
741,2551887777268842986,2016-05-05 00:56:35,111.55,36.08
742,-3132137987578403135,2016-05-05 00:55:02,111.33,30.78
743,5150669208847800176,2016-05-05 00:05:12,116.41,39.8
744,5150669208847800176,2016-05-05 00:06:52,116.41,39.8
745,-5888248315620035636,2016-05-05 00:06:18,0,0
746,-5704835575163222231,2016-05-05 00:37:29,0,0
747,1239082532107977511,2016-05-05 00:39:00,0,0
748,-7543777354189481880,2016-05-05 00:39:57,120.47,31.23
749,8431894226122305343,2016-05-05 00:41:31,113.67,34.75
750,4376475524051659983,2016-05-05 00:13:35,103.89,30.68
751,-6695533614190848526,2016-05-05 00:17:23,120.06,31.72
752,5564463330133498166,2016-05-05 00:13:37,114.05,22.6
753,-3746248670824158209,2016-05-05 00:03:57,123.29,41.97
754,-8340098378141155823,2016-05-05 00:04:27,111.92,34.74
755,7793249080909552118,2016-05-05 00:04:44,0,0
756,-5108338403267133151,2016-05-05 00:15:30,115.92,28.71
757,-4803902212652498700,2016-05-06 00:03:02,1,1
758,-1716101595111805681,2016-05-05 23:59:54,109.4,24.35
759,-2509099362140757993,2016-05-06 00:04:20,0,0
760,8292388373526453818,2016-05-06 00:04:53,116.46,39.89
761,4013892935208369309,2016-05-06 00:05:26,120.3,31.92
762,73934199191797822,2016-05-06 00:05:56,115.66,37.75
763,9206538029661406976,2016-05-06 00:06:14,112.91,28.23
764,-4686013215749774210,2016-05-06 00:09:05,118.72,32.15
765,8742448979788986408,2016-05-06 00:07:11,0,0
766,423552451003403157,2016-05-06 00:07:46,0,0
767,8292388373526453818,2016-05-06 00:09:00,116.46,39.89
768,616546636494488932,2016-05-06 00:43:59,119.45,26
769,4936063047546758457,2016-05-06 00:44:17,118.7,32.11
770,616546636494488932,2016-05-06 00:47:47,119.45,26
771,7304138018423453993,2016-05-06 00:46:29,0,0
772,616546636494488932,2016-05-06 00:47:50,119.45,26
773,9206538029661406976,2016-05-06 00:48:59,112.91,28.23
774,-4059804812024356559,2016-05-06 00:46:16,0,0
775,1186608308763918427,2016-05-06 00:41:08,113.62,23.29
776,-8960445537264305967,2016-05-05 23:52:28,120.68,28.07
777,-754860081963222510,2016-05-06 00:00:03,117.02,36.65
778,5085227046846857872,2016-05-05 23:58:40,0,0
779,1676260422085463470,2016-05-06 00:00:08,116.33,39.98
780,7951048787548122125,2016-05-06 00:52:41,117.49,31.39
781,-2454839533350229684,2016-05-06 00:53:44,0,0
782,-593848747144087990,2016-05-05 23:56:56,114.74,23.75
783,-126665215474562445,2016-05-06 00:45:04,110.33,20
784,-126665215474562445,2016-05-06 00:41:19,110.33,20
785,-7962963888566872972,2016-05-06 00:04:25,119.42,32.21
786,-5112484953301772688,2016-05-06 00:04:38,109.41,24.38
787,1522573667677189193,2016-05-06 00:05:12,120.98,32.04
788,-3204114153022871885,2016-05-05 23:56:55,0,0
789,-17299534936664237,2016-05-06 00:01:51,0,0
790,-6935842738900417041,2016-05-06 00:02:26,113.58,28.71
791,1479963985609520625,2016-05-06 00:03:03,0,0
792,8196023714633716718,2016-05-06 00:03:48,130.36,46.79
793,-7709512123722112532,2016-05-06 00:04:21,110.94,27.1
794,-17299534936664237,2016-05-06 00:08:20,0,0
795,-4642346359787978880,2016-05-06 00:09:12,116.48,23.45
796,5333403513971904428,2016-05-06 00:09:51,120.77,41.13
797,-6966681884762583679,2016-05-05 23:56:51,0,0
798,-2169637385770210935,2016-05-06 00:01:29,0,0
799,7904745459232191266,2016-05-06 00:01:11,119.34,26.08
800,-5846787611525887454,2016-05-06 00:01:44,0,0
801,-8674718044281656170,2016-05-06 00:02:09,117.24,32
802,-5235872135901851022,2016-05-06 00:21:50,0,0
803,-1151190168592042926,2016-05-06 00:22:26,119.54,35.41
804,-2567779242652036474,2016-05-06 00:22:52,0,0
805,-5853822721649908988,2016-05-06 00:18:11,116.32,26.85
806,6001961141627964380,2016-05-06 00:01:06,113.07,22.57
807,-7590909271564594154,2016-05-06 00:51:56,121.52,31.21
808,1163935642527358119,2016-05-06 00:01:07,112.41,39.32
809,-8526386245397858859,2016-05-06 00:01:33,0,0
810,2885974416317471178,2016-05-05 23:56:45,0,0
811,-8157316315374536599,2016-05-05 23:58:04,102.73,24.18
812,6849507812149064445,2016-05-06 00:38:46,106.3,31.27
813,4526144263073373961,2016-05-06 00:03:02,0,0
814,2760458858782875235,2016-05-06 00:03:36,113.39,23.05
815,7855950653862887421,2016-05-06 00:04:50,0,0
816,-6422142925983333566,2016-05-06 00:06:05,0,0
817,-5233275088039924240,2016-05-06 00:06:31,0,0
818,-7557159218091714294,2016-05-06 00:04:35,0,0
819,-2469250099191849932,2016-05-06 00:10:04,102.73,25.06
820,6105843536183892677,2016-05-06 00:10:46,116.36,23.56
821,-4740215680721212367,2016-05-06 00:12:56,118.18,26.64
822,-6896436487822764964,2016-05-06 00:25:08,120.36,31.56
823,6105843536183892677,2016-05-06 00:25:46,116.36,23.56
824,4575294350520278115,2016-05-06 00:26:29,0,0
825,-8300776266860055291,2016-05-06 00:26:54,118.91,27.7
826,-8300776266860055291,2016-05-06 00:27:34,118.91,27.7
827,6105843536183892677,2016-05-06 00:28:46,116.36,23.56
828,-3221036834038757355,2016-05-06 00:30:04,118.16,24.48
829,3915082290673137129,2016-05-06 00:35:12,121.24,28.74
830,-1901148242023602210,2016-05-06 00:40:44,116.46,35.93
831,-8398568037238781430,2016-05-06 00:04:26,0,0
832,-5599527610802047850,2016-05-06 00:05:32,109.08,34.15
833,2731182182628794014,2016-05-06 00:05:07,116.35,39.79
834,2731182182628794014,2016-05-06 00:05:37,116.35,39.79
835,5412806748432850102,2016-05-06 00:12:44,118.77,32.08
836,-3126637652568298537,2016-05-06 00:14:05,112.99,28.25
837,7256449458944636218,2016-05-06 00:30:30,0,0
838,7886946930680846277,2016-05-06 00:39:44,0,0
839,-4127669035165465863,2016-05-06 00:40:49,0,0
840,7480579773569704016,2016-05-06 00:51:10,114.42,30.52
841,-8090305718591421848,2016-05-06 00:33:09,121.48,31.35
842,4521087172040088969,2016-05-05 23:59:32,113.78,23.46
843,6871174750645130490,2016-05-05 23:59:53,121.29,30.79
844,-5327080562082734366,2016-05-06 00:40:05,0,0
845,-1053657946037918624,2016-05-06 00:45:20,120.53,30.65
846,1186608308763918427,2016-05-05 23:57:28,114.91,36.44
847,1186608308763918427,2016-05-05 23:58:18,105.89,30.99
848,1938415786307433324,2016-05-05 23:59:02,114.36,23.04
849,-1588924392657475573,2016-05-06 00:16:10,115.97,38.67
850,6608044227866940944,2016-05-06 00:20:33,108.93,34.27
851,4883934867536547687,2016-05-06 00:21:06,116.69,39.67
852,5011364233531956790,2016-05-06 00:37:54,0,0
853,-5039969084661426723,2016-05-06 00:54:47,0,0
854,-1272694999899178281,2016-05-06 00:58:18,119.25,26.05
855,-2621360979798832281,2016-05-06 00:36:22,119.33,26.1
856,-7572306077143068763,2016-05-06 00:19:47,102.71,25.04
857,6105843536183892677,2016-05-06 00:52:22,116.38,23.56
858,3915082290673137129,2016-05-06 00:53:16,0,0
859,-2603528729536808786,2016-05-06 00:27:43,113.29,22.91
860,3309765693003905218,2016-05-06 00:28:16,126.94,44.41
861,7995932390106085411,2016-05-06 00:31:00,109.24,24.67
862,7995932390106085411,2016-05-06 00:31:30,109.24,24.67
863,-3294212401499686085,2016-05-06 00:32:18,116.48,39.98
864,7995932390106085411,2016-05-06 00:33:00,109.24,24.67
865,-2936195938876136624,2016-05-06 00:33:59,0,0
866,-4201739529186450645,2016-05-06 00:30:36,0,0
867,-1987232476024835929,2016-05-06 00:35:51,114.91,30.46
868,-42961107734561676,2016-05-06 00:36:34,117.98,24.61
869,-4515062558312922713,2016-05-06 00:37:10,113.26,23.16
870,-4433358124435913405,2016-05-06 00:06:30,0,0
871,-6598854004527909499,2016-05-06 00:06:52,0,0
872,589483191079996212,2016-05-05 23:59:48,114.02,22.66
873,-593848747144087990,2016-05-06 00:37:47,114.74,23.75
874,-9101136702913293314,2016-05-06 00:39:18,0,0
875,-2067195899781907554,2016-05-06 00:52:47,0,0
876,3114242858966936759,2016-05-06 00:31:10,117.17,35.09
877,5730785014341775081,2016-05-06 00:06:10,0,0
878,8846418611066019600,2016-05-06 00:06:42,0,0
879,-2025896434656499604,2016-05-06 00:11:16,117.28,31.86
880,3457072588641797510,2016-05-06 00:20:03,0,0
881,-3579248952428552443,2016-05-06 00:20:39,113.17,30.64
882,-446207237743492208,2016-05-06 00:13:54,0,0
883,-4072125669792963306,2016-05-06 00:14:24,105.61,27.14
884,-4072125669792963306,2016-05-06 00:15:28,105.61,27.14
885,2595347496673767885,2016-05-06 00:18:17,0,0
886,3084701927871500055,2016-05-06 00:41:51,0,0
887,7551825138592235179,2016-05-06 00:38:06,117.14,36.72
888,-5571137428507159701,2016-05-06 00:46:23,113.05,23.67
889,4229754489691870487,2016-05-06 00:46:57,121.44,29.91
890,-7426959018802123981,2016-05-06 00:14:38,0,0
891,6244658616461032320,2016-05-06 00:16:21,0,0
892,7600604808913089831,2016-05-06 00:17:08,113.93,35.28
893,-8961533451607858223,2016-05-06 00:17:49,112.97,28.21
894,476363564643571851,2016-05-06 00:34:21,116.49,39.81
895,-1476676034036923014,2016-05-06 00:35:32,112.9,31.67
896,-8426996949299283537,2016-05-06 00:39:30,119.07,25.48
897,-8426996949299283537,2016-05-06 00:40:21,119.07,25.48
898,-1495460756520593643,2016-05-06 00:41:21,121.47,31.24
899,6093016426227218154,2016-05-06 00:42:12,0,0
900,-4905249357900282739,2016-05-06 00:42:54,102.92,24.68
901,282723060580691300,2016-05-06 00:43:58,106.58,29.51
902,8585553802933429818,2016-05-06 00:45:47,0,0
903,-1170950896505485717,2016-05-06 00:47:41,113.84,33.94
904,4782582047729166353,2016-05-06 00:50:01,114.47,38.03
905,-7134162087670243385,2016-05-06 00:15:36,119.94,30.57
906,-2334575669602950046,2016-05-06 00:16:08,0,0
907,-3258260477670399411,2016-05-06 00:24:27,122.54,40.71
908,-1672095808028450558,2016-05-06 00:25:14,0,0
909,-6875585507485886098,2016-05-06 00:25:37,121.45,31.2
910,-7048341699121199608,2016-05-06 00:30:38,112.2,31.05
911,1385577097943461219,2016-05-06 00:35:22,120.73,31.23
912,2322094716892293077,2016-05-06 00:24:48,116.52,39.88
913,8267767375752268489,2016-05-06 00:02:50,118.02,24.48
914,4229754489691870487,2016-05-06 00:03:09,121.44,29.91
915,3482222373021632350,2016-05-06 00:03:44,0,0
916,611444382607140951,2016-05-05 23:59:34,0,0
917,8864190395087535026,2016-05-06 00:31:23,122.76,40.85
918,-9139512098545222229,2016-05-06 00:31:59,106.19,28.33
919,6944644725640265232,2016-05-06 00:32:46,115.62,34.43
920,-1691467922047417128,2016-05-06 00:19:17,103.77,25.51
921,6140958121887640385,2016-05-06 00:19:04,118.15,24.54
922,-1588924392657475573,2016-05-06 00:19:18,115.97,38.67
923,-1588924392657475573,2016-05-06 00:19:49,115.97,38.67
924,5323377230952897490,2016-05-06 00:15:47,0,0
925,4657697113512107583,2016-05-06 00:02:47,0,0
926,7037280812549866354,2016-05-06 00:02:56,113.92,22.65
927,3220587932258212824,2016-05-06 00:04:06,117.18,36.68
928,-4026475805361243972,2016-05-06 00:03:38,112.97,28.04
929,5416618857406916680,2016-05-06 00:03:57,0,0
930,-7990568085389491843,2016-05-07 00:54:07,119.16,39.71
931,-5670816050433441700,2016-05-07 00:54:46,1,1
932,-2328552942043593531,2016-05-07 00:59:35,106.44,29.56
933,-8152317896960228069,2016-05-07 00:05:26,0,0
934,-6496414347466618416,2016-05-07 00:10:39,113.42,34.45
935,-822901950224816621,2016-05-07 00:07:11,0,0
936,8864190395087535026,2016-05-07 00:11:25,122.76,40.85
937,9206538029661406976,2016-05-07 00:52:11,112.91,28.23
938,-3037377082444295812,2016-05-07 00:55:43,115.82,28.67
939,-6238286127300019791,2016-05-07 00:55:22,116.5,39.85
940,2360178808011239821,2016-05-07 00:31:45,113.33,23.18
941,2360178808011239821,2016-05-07 00:36:51,113.33,23.18
942,-8340098378141155823,2016-05-07 00:37:31,111.92,34.74
943,6309757818867179813,2016-05-07 00:45:50,112.17,23.91
944,-1899449803894806467,2016-05-07 00:46:12,121.4,31.23
945,1186608308763918427,2016-05-07 00:10:06,116.13,38.74
946,-7228735519652101061,2016-05-07 00:06:41,113.14,29.33
947,-3812662603673251461,2016-05-07 00:32:00,0,0
948,-5127356298948955631,2016-05-07 00:32:36,114.91,27.82
949,5548907675798053914,2016-05-07 00:37:29,0,0
950,7589500089493320661,2016-05-07 00:40:29,114.21,36.72
951,3193971628374927529,2016-05-07 00:18:03,117.13,39.19
952,-4271020192354779571,2016-05-07 00:48:24,122.94,41.14
953,8184792524308590565,2016-05-07 00:49:15,0,0
954,-2535066935699107681,2016-05-07 00:28:23,0,0
955,-2661242114366403141,2016-05-07 00:28:42,114.31,23.02
956,-2611733232907371667,2016-05-07 00:25:50,105.59,30.48
957,3611475270634386329,2016-05-07 00:51:27,116.4,39.89
958,2700552381152892177,2016-05-07 00:08:49,117.13,36.18
959,1633109193007284165,2016-05-07 00:04:39,0,0
960,-2031322259361171117,2016-05-07 00:06:09,86.17,41.71
961,8044603508354125608,2016-05-07 00:05:24,117.1,37.25
962,8044603508354125608,2016-05-07 00:05:53,117.1,37.25
963,-617085583098403243,2016-05-07 00:06:11,0,0
964,-563333606900826189,2016-05-07 00:06:28,114.03,22.66
965,-2970766265556795104,2016-05-06 23:56:15,0,0
966,1913864437303477811,2016-05-06 23:56:52,113.25,23.1
967,3646850038673952610,2016-05-06 23:57:34,0,0
968,-914136793178941009,2016-05-07 00:36:38,0,0
969,2939187484322047219,2016-05-07 00:37:35,116.61,23.21
970,-4017967771399249783,2016-05-07 00:46:20,0,0
971,-3685904520530580568,2016-05-07 00:48:31,119.34,26.08
972,-906684455621397904,2016-05-07 00:46:04,113.29,23.12
973,-3898316522633267665,2016-05-07 00:49:29,119.33,26.03
974,7895743083673883535,2016-05-07 00:44:07,0,0
975,4839984114455319090,2016-05-07 00:45:08,113.61,23.12
976,-4402722824482325062,2016-05-07 00:48:24,111.54,40.47
977,-4591565843956276498,2016-05-07 00:26:45,116.97,31.03
978,2692075908067099101,2016-05-07 00:26:48,0,0
979,6238200354958053619,2016-05-07 00:50:17,1,1
980,2086863207657449734,2016-05-06 23:58:34,0,0
981,-1036209345874838454,2016-05-07 00:41:56,118.72,32.14
982,-8365442983660836230,2016-05-07 00:42:52,109.02,32.69
983,1987587660853597019,2016-05-07 00:38:10,105.85,32.44
984,-8237639017401810032,2016-05-07 00:44:08,0,0
985,5147079968593783256,2016-05-06 23:56:18,121.37,31.18
986,1187067105942641709,2016-05-06 23:56:52,121.34,31.16
987,1186608308763918427,2016-05-06 23:56:47,115.66,34.45
988,3160550302982333264,2016-05-06 23:59:26,104.91,25.15
989,-8129655779260576690,2016-05-07 00:00:10,106.07,31.35
990,-7308896176652424604,2016-05-07 00:04:46,0,0
991,-4715107886974890731,2016-05-07 00:00:57,85.46,44.69
992,2771516290634663640,2016-05-07 00:09:46,116.41,39.85
993,-3685904520530580568,2016-05-07 00:32:32,119.34,26.08
994,-6455223632309840000,2016-05-07 00:35:47,117.77,36.82
995,-4041079632206904172,2016-05-07 00:34:09,114.49,36.58
996,7896161516575927589,2016-05-06 23:59:57,55.13,25.05
997,-5692177972768266930,2016-05-06 23:59:42,1,1
998,-6698612381724883457,2016-05-07 00:08:38,113.36,22.52
999,6301137822284305694,2016-05-07 00:09:02,119.53,26.65
1000,-4537233125614571555,2016-05-07 00:19:11,104,30
